ID,family,genus,species,sex,count,year,month,day,city,township,site,country,lat,long,collector,time,COI
Ar12347,Sparassidae,Heteropoda,simplex,f,1,2025,9,30,花蓮縣,秀林鄉,臺地步道,Taiwan,24.159407,121.621845,管珮均,night,v
Ar12348,Sparassidae,Heteropoda,venatoria,m,1,2025,9,30,花蓮縣,秀林鄉,臺地步道,Taiwan,24.159407,121.621845,管珮均,night,v
Ar12349,Sparassidae,Heteropoda,venatoria,m,1,2025,9,30,花蓮縣,秀林鄉,臺地步道,Taiwan,24.159407,121.621845,管珮均,night,v
Ar12350,Sparassidae,Heteropoda,venatoria,m,1,2025,9,30,花蓮縣,秀林鄉,臺地步道,Taiwan,24.159407,121.621845,管珮均,night,v
Ar12351,Sparassidae,Heteropoda,venatoria,f,1,2025,9,30,花蓮縣,秀林鄉,臺地步道,Taiwan,24.159407,121.621845,管珮均,night,v
Ar12352,Oxyopidae,Hamadruas,hieroglyphica,f,1,2025,10,3,花蓮縣,秀林鄉,臺地步道,Taiwan,24.159407,121.621845,陳顧淋,day,
Ar12904,Sparassidae,Bhutaniella,latissima,f,1,2025,9,30,花蓮縣,秀林鄉,臺地步道,Taiwan,24.159407,121.621845,羅英元,night,
Ar12905,Araneidae,Neoscona,punctigera,f,1,2025,9,30,花蓮縣,秀林鄉,臺地步道,Taiwan,24.159407,121.621845,管珮均,night,
Ar12906,Tetragnathidae,Leucauge,tessellata,f,1,2025,9,30,花蓮縣,秀林鄉,臺地步道,Taiwan,24.159407,121.621845,管珮均,night,
Ar12907,Tetragnathidae,Leucauge,tessellata,f,1,2025,9,30,花蓮縣,秀林鄉,臺地步道,Taiwan,24.159407,121.621845,管珮均,night,
Ar12908,Pholcidae,Pholcus,,m,1,2025,9,30,花蓮縣,秀林鄉,臺地步道,Taiwan,24.159407,121.621845,羅英元,night,
Ar12909,Theridiidae,Phycosoma,mustelinum,m,1,2025,9,30,花蓮縣,秀林鄉,臺地步道,Taiwan,24.159407,121.621845,羅英元,night,
Ar12910,Theridiidae,Platnickina,maculata,f,1,2025,9,30,花蓮縣,秀林鄉,臺地步道,Taiwan,24.159407,121.621845,管珮均,night,v
Ar12911,Lycosidae,Lycosa,coelestis,f,1,2025,9,30,花蓮縣,秀林鄉,臺地步道,Taiwan,24.159407,121.621845,羅英元,night,v
Ar12912,Salticidae,Telamonia,vlijmi,f,1,2025,9,30,花蓮縣,秀林鄉,臺地步道,Taiwan,24.159407,121.621845,管珮均,night,v
Ar12913,Salticidae,Pancorius,,j,1,2025,9,30,花蓮縣,秀林鄉,臺地步道,Taiwan,24.159407,121.621845,羅英元,night,v
Ar12914,Salticidae,Portia,,j,1,2025,9,30,花蓮縣,秀林鄉,臺地步道,Taiwan,24.159407,121.621845,羅英元,night,v
Ar12915,Thomisidae,Mastira,tegularis,f,1,2025,9,30,花蓮縣,秀林鄉,臺地步道,Taiwan,24.159407,121.621845,管珮均,night,v
Ar12916,Cheiracanthiidae,Cheiracanthium,taiwanicum,m,1,2025,9,30,花蓮縣,秀林鄉,臺地步道,Taiwan,24.159407,121.621845,管珮均,night,
Ar12917,Cheiracanthiidae,Cheiracanthium,taiwanicum,f,1,2025,9,30,花蓮縣,秀林鄉,臺地步道,Taiwan,24.159407,121.621845,管珮均,night,
Ar12918,Cheiracanthiidae,Cheiracanthium,antungense,m,1,2025,9,30,花蓮縣,秀林鄉,臺地步道,Taiwan,24.159407,121.621845,管珮均,night,v
Ar12919,Nephilidae,Nephila,pilipes,m,1,2025,9,30,花蓮縣,秀林鄉,臺地步道,Taiwan,24.159407,121.621845,管珮均,night,
Ar12920,Agelenidae,Agelena,tungchis,j,1,2025,10,1,花蓮縣,秀林鄉,砂卡噹步道,Taiwan,24.16238,121.613314,管珮均,day,v
Ar12921,Salticidae,Hasarius,adansoni,j,1,2025,10,1,花蓮縣,秀林鄉,砂卡噹步道,Taiwan,24.16238,121.613314,管珮均,day,v
Ar12922,Theridiidae,Parasteatoda,kentingensis,m,1,2025,10,1,花蓮縣,秀林鄉,臺地步道,Taiwan,24.159407,121.621845,管珮均,night,
Ar12923,Theridiidae,Parasteatoda,kentingensis,m,1,2025,10,1,花蓮縣,秀林鄉,臺地步道,Taiwan,24.159407,121.621845,管珮均,night,v
Ar12924,Theridiidae,Asiopisinus,yoshidai,f,1,2025,10,1,花蓮縣,秀林鄉,臺地步道,Taiwan,24.159407,121.621845,管珮均,night,v
Ar12925,Uloboridae,Uloborus,formosanus,m,1,2025,10,1,花蓮縣,秀林鄉,臺地步道,Taiwan,24.159407,121.621845,管珮均,night,v
Ar12926,Uloboridae,Uloborus,formosanus,m,1,2025,10,1,花蓮縣,秀林鄉,臺地步道,Taiwan,24.159407,121.621845,管珮均,night,v
Ar12927,Lycosidae,Venonia,spirocysta,f,1,2025,10,1,花蓮縣,秀林鄉,臺地步道,Taiwan,24.159407,121.621845,管珮均,night,v
Ar12928,Phrurolithidae,Grandilithus,lynx,m,1,2025,10,1,花蓮縣,秀林鄉,臺地步道,Taiwan,24.159407,121.621845,管珮均,night,v
Ar12929,Clubionidae,Bucliona,jucunda,f,1,2025,10,1,花蓮縣,秀林鄉,臺地步道,Taiwan,24.159407,121.621845,管珮均,night,
Ar12930,Salticidae,Portia,,f,1,2025,10,2,花蓮縣,秀林鄉,臺地步道,Taiwan,24.159407,121.621845,管珮均,day,v
Ar12931,Salticidae,Rhene,atrata,f,1,2025,10,2,花蓮縣,秀林鄉,臺地步道,Taiwan,24.159407,121.621845,管珮均,day,v
Ar12932,Salticidae,Rhene,atrata,f,1,2025,10,2,花蓮縣,秀林鄉,臺地步道,Taiwan,24.159407,121.621845,管珮均,day,v
Ar12933,Theridiidae,Rhomphaea,sagana,m,1,2025,10,2,花蓮縣,秀林鄉,臺地步道,Taiwan,24.159407,121.621845,管珮均,day,v
Ar12934,Uloboridae,Uloborus,formosanus,f,1,2025,10,2,花蓮縣,秀林鄉,臺地步道,Taiwan,24.159407,121.621845,管珮均,day,v
Ar12935,Nephilidae,Nephila,pilipes,m,1,2025,10,2,花蓮縣,秀林鄉,臺地步道,Taiwan,24.159407,121.621845,管珮均,day,
Ar12936,Theridiidae,Platnickina,maculata,f,1,2025,10,2,花蓮縣,秀林鄉,臺地步道,Taiwan,24.159407,121.621845,管珮均,day,
Ar12937,Cheiracanthiidae,Cheiracanthium,taiwanicum,f,1,2025,10,2,花蓮縣,秀林鄉,臺地步道,Taiwan,24.159407,121.621845,管珮均,day,
Ar12938,Cheiracanthiidae,Cheiracanthium,antungense,f,1,2025,10,2,花蓮縣,秀林鄉,臺地步道,Taiwan,24.159407,121.621845,黃文俊,day,
Ar12939,Salticidae,Myrmarachne,japonica,m,1,2025,10,2,花蓮縣,秀林鄉,臺地步道,Taiwan,24.159407,121.621845,黃文俊,day,v
Ar12940,Salticidae,Phintella,linea,m,1,2025,10,2,花蓮縣,秀林鄉,臺地步道,Taiwan,24.159407,121.621845,黃文俊,day,v
Ar12941,Salticidae,Rhene,atrata,f,1,2025,10,2,花蓮縣,秀林鄉,臺地步道,Taiwan,24.159407,121.621845,黃文俊,day,v
Ar12942,Theridiidae,Dipoena,,m,1,2025,10,2,花蓮縣,秀林鄉,臺地步道,Taiwan,24.159407,121.621845,黃文俊,day,v
Ar12943,Salticidae,Rhene,atrata,m,1,2025,10,1,花蓮縣,秀林鄉,臺地步道,Taiwan,24.159407,121.621845,黃文俊,night,v
Ar12944,Salticidae,Phintelloides,versicolor,f,1,2025,10,1,花蓮縣,秀林鄉,臺地步道,Taiwan,24.159407,121.621845,黃文俊,night,
Ar12945,Salticidae,,,f,1,2025,10,1,花蓮縣,秀林鄉,臺地步道,Taiwan,24.159407,121.621845,黃文俊,night,v
Ar12946,Thomisidae,Alcimochthes,cf. meridionalis,f,1,2025,10,1,花蓮縣,秀林鄉,臺地步道,Taiwan,24.159407,121.621845,黃文俊,night,v
Ar12947,Clubionidae,Bucliona,jucunda,m,2,2025,10,1,花蓮縣,秀林鄉,臺地步道,Taiwan,24.159407,121.621845,黃文俊,night,
Ar12948,Araneidae,Neoscona,punctigera,m,1,2025,10,1,花蓮縣,秀林鄉,臺地步道,Taiwan,24.159407,121.621845,黃文俊,night,
Ar12949,Araneidae,Neoscona,punctigera,f,1,2025,10,1,花蓮縣,秀林鄉,臺地步道,Taiwan,24.159407,121.621845,黃文俊,night,
Ar12950,Hersiliidae,Hersilia,,f,1,2025,10,1,花蓮縣,秀林鄉,臺地步道,Taiwan,24.159407,121.621845,黃文俊,night,v
Ar12951,Cheiracanthiidae,Cheiracanthium,antungense,m,1,2025,10,1,花蓮縣,秀林鄉,臺地步道,Taiwan,24.159407,121.621845,黃文俊,night,
Ar12952,Theridiidae,Phycosoma,mustelinum,f,1,2025,10,1,花蓮縣,秀林鄉,臺地步道,Taiwan,24.159407,121.621845,黃文俊,night,v
Ar12953,Theridiidae,Campanicola,ferrumequina,f,1,2025,10,1,花蓮縣,秀林鄉,臺地步道,Taiwan,24.159407,121.621845,黃文俊,night,v
Ar12954,Theridiidae,Campanicola,ferrumequina,f,1,2025,10,1,花蓮縣,秀林鄉,臺地步道,Taiwan,24.159407,121.621845,黃文俊,night,v
Ar12955,Pholcidae,Uthina,luzonica,f,1,2025,10,1,花蓮縣,秀林鄉,臺地步道,Taiwan,24.159407,121.621845,黃文俊,night,v
Ar12956,Pholcidae,Uthina,luzonica,f,1,2025,10,1,花蓮縣,秀林鄉,臺地步道,Taiwan,24.159407,121.621845,黃文俊,night,v
Ar12957,Pholcidae,Uthina,luzonica,m,1,2025,10,1,花蓮縣,秀林鄉,臺地步道,Taiwan,24.159407,121.621845,黃文俊,night,v
Ar12958,Scytodidae,Dictis,striatipes,j,1,2025,10,1,花蓮縣,秀林鄉,臺地步道,Taiwan,24.159407,121.621845,黃文俊,night,v
Ar12959,Thomisidae,Xysticus,,j,1,2025,10,1,花蓮縣,秀林鄉,臺地步道,Taiwan,24.159407,121.621845,黃文俊,night,
Ar12962,Salticidae,Yaginumaella,,f,1,2025,10,2,花蓮縣,秀林鄉,布洛灣,Taiwan,,,黃文俊,day,v
Ar12963,Salticidae,Myrmarachne,japonica,m,1,2025,10,2,花蓮縣,秀林鄉,布洛灣,Taiwan,,,黃文俊,day,v
Ar12964,Salticidae,Myrmarachne,,m,1,2025,10,2,花蓮縣,秀林鄉,布洛灣,Taiwan,,,黃文俊,day,v
Ar12965,Cheiracanthiidae,Cheiracanthium,taiwanicum,m,1,2025,10,28,花蓮縣,秀林鄉,臺地步道,Taiwan,24.159407,121.621845,黃文俊,night,
Ar12966,Clubionidae,Bucliona,jucunda,m,1,2025,10,28,花蓮縣,秀林鄉,臺地步道,Taiwan,24.159407,121.621845,黃文俊,night,
Ar12967,Araneidae,Eriovixia,sakiedaorum,m,1,2025,10,28,花蓮縣,秀林鄉,臺地步道,Taiwan,24.159407,121.621845,黃文俊,night,v
Ar12968,Theridiidae,Parasteatoda,kentingensis,j,1,2025,10,28,花蓮縣,秀林鄉,臺地步道,Taiwan,24.159407,121.621845,黃文俊,night,v
Ar12969,Theridiidae,Anelosimus,cf. exiguus,f,1,2025,10,28,花蓮縣,秀林鄉,臺地步道,Taiwan,24.159407,121.621845,黃文俊,night,v
Ar12970,Theridiidae,Anelosimus,chonganicus,j,1,2025,10,28,花蓮縣,秀林鄉,臺地步道,Taiwan,24.159407,121.621845,黃文俊,night,v
Ar12971,Theridiidae,Nipponidion,cf. okinawense,m,1,2025,10,28,花蓮縣,秀林鄉,臺地步道,Taiwan,24.159407,121.621845,黃文俊,night,v
Ar12972,Cheiracanthiidae,Cheiracanthium,taiwanicum,m,1,2025,10,29,花蓮縣,秀林鄉,臺地步道,Taiwan,24.159407,121.621845,黃文俊,day,
Ar12973,Theridiidae,Platnickina,maculata,f,1,2025,10,29,花蓮縣,秀林鄉,臺地步道,Taiwan,24.159407,121.621845,黃文俊,day,v
Ar12974,Uloboridae,Miagrammopes,orientalis,f,1,2025,10,29,花蓮縣,秀林鄉,臺地步道,Taiwan,24.159407,121.621845,黃文俊,day,v
Ar12975,Araneidae,Argiope,aetheroides,m,1,2025,10,29,花蓮縣,秀林鄉,臺地步道,Taiwan,24.159407,121.621845,黃文俊,day,v
Ar12976,Salticidae,Yaginumaella,,f,1,2025,10,29,花蓮縣,秀林鄉,臺地步道,Taiwan,24.159407,121.621845,黃文俊,day,v
Ar12977,Theridiidae,Nipponidion,cf. okinawense,f,1,2025,10,29,花蓮縣,秀林鄉,臺地步道,Taiwan,24.159407,121.621845,黃文俊,day,
Ar12978,Salticidae,Carrhotus,sannio,m,1,2025,10,29,花蓮縣,秀林鄉,臺地步道,Taiwan,24.159407,121.621845,黃文俊,day,
Ar12979,Cheiracanthiidae,Cheiracanthium,insigne,m,1,2025,10,28,花蓮縣,秀林鄉,臺地步道,Taiwan,24.159407,121.621845,林佩樺,day,
Ar12980,Cheiracanthiidae,Cheiracanthium,insigne,f,1,2025,10,28,花蓮縣,秀林鄉,臺地步道,Taiwan,24.159407,121.621845,林佩樺,day,
Ar12981,Theridiidae,Dipoena,,m,1,2025,10,28,花蓮縣,秀林鄉,臺地步道,Taiwan,24.159407,121.621845,林佩樺,night,v
Ar12982,Theridiidae,Platnickina,maculata,f,1,2025,10,28,花蓮縣,秀林鄉,臺地步道,Taiwan,24.159407,121.621845,林佩樺,night,
Ar12983,Theridiidae,Anelosimus,chonganicus,m,1,2025,10,28,花蓮縣,秀林鄉,臺地步道,Taiwan,24.159407,121.621845,林佩樺,night,v
Ar12984,Theridiidae,Parasteatoda,kentingensis,f,1,2025,10,28,花蓮縣,秀林鄉,臺地步道,Taiwan,24.159407,121.621845,林佩樺,night,v
Ar12985,Oxyopidae,Oxyopes,macilentus,f,1,2025,10,28,花蓮縣,秀林鄉,臺地步道-南,Taiwan,24.157994,121.621373,管珮均,night,
Ar12986,Theridiidae,Platnickina,maculata,f,1,2025,10,28,花蓮縣,秀林鄉,臺地步道-南,Taiwan,24.157994,121.621373,管珮均,night,
Ar12987,Tetragnathidae,Leucauge,blanda,m,1,2025,10,28,花蓮縣,秀林鄉,臺地步道-南,Taiwan,24.157994,121.621373,管珮均,night,
Ar12988,Pholcidae,Pholcus,spilis,f,1,2025,10,28,花蓮縣,秀林鄉,臺地步道-南,Taiwan,24.157994,121.621373,管珮均,night,v
Ar12989,Theridiidae,Famakytta,flavescens,f,1,2025,10,28,花蓮縣,秀林鄉,臺地步道-南,Taiwan,24.157994,121.621373,管珮均,night,v
Ar12990,Theridiidae,Parasteatoda,kentingensis,f,1,2025,10,28,花蓮縣,秀林鄉,臺地步道-南,Taiwan,24.157994,121.621373,管珮均,night,
Ar12991,Uloboridae,Uloborus,formosanus,m,1,2025,10,28,花蓮縣,秀林鄉,臺地步道-南,Taiwan,24.157994,121.621373,管珮均,night,v
Ar12992,Thomisidae,Mastira,tegularis,m,1,2025,10,28,花蓮縣,秀林鄉,臺地步道-南,Taiwan,24.157994,121.621373,管珮均,night,v
Ar12993,Thomisidae,Mastira,tegularis,m,1,2025,10,28,花蓮縣,秀林鄉,臺地步道-南,Taiwan,24.157994,121.621373,管珮均,night,v
Ar12994,Salticidae,Yaginumaella,,f,1,2025,10,29,花蓮縣,秀林鄉,臺地步道,Taiwan,24.159407,121.621845,管珮均,day,v
Ar12995,Sparassidae,Gnathopalystes,taiwanensis,f,1,2025,10,29,花蓮縣,秀林鄉,臺地步道,Taiwan,24.159407,121.621845,管珮均,night,
Ar12996,Pholcidae,,,j,1,2025,10,29,花蓮縣,秀林鄉,臺地步道-南,Taiwan,24.157994,121.621373,管珮均,night,
Ar12997,Liocranidae,,,m,1,2025,10,29,花蓮縣,秀林鄉,臺地步道-南,Taiwan,24.157994,121.621373,管珮均,night,v
Ar12998,Salticidae,Carrhotus,sannio,m,1,2025,10,30,花蓮縣,秀林鄉,臺地步道-南,Taiwan,24.157994,121.621373,管珮均,day,v
Ar12999,Salticidae,Carrhotus,viduus,j,1,2025,10,30,花蓮縣,秀林鄉,臺地步道-南,Taiwan,24.157994,121.621373,管珮均,day,v
Ar13000,Lycosidae,Pardosa,laura,f,1,2025,10,30,花蓮縣,秀林鄉,臺地步道-南,Taiwan,24.157994,121.621373,管珮均,day,
Ar13001,Clubionidae,Bucliona,jucunda,m,1,2025,10,30,花蓮縣,秀林鄉,臺地步道-南,Taiwan,24.157994,121.621373,管珮均,day,
Ar13002,Theridiidae,Anelosimus,chonganicus,m,1,2025,10,30,花蓮縣,秀林鄉,臺地步道-南,Taiwan,24.157994,121.621373,管珮均,day,
Ar13003,Araneidae,Gasteracantha,kuhli,m,1,2025,10,30,花蓮縣,秀林鄉,臺地步道-南,Taiwan,24.157994,121.621373,管珮均,day,
Ar13004,Theridiidae,Anelosimus,taiwanicus,m,1,2025,10,30,花蓮縣,秀林鄉,臺地步道-南,Taiwan,24.157994,121.621373,管珮均,day,v
Ar13005,Theridiidae,Platnickina,maculata,m,1,2025,10,30,花蓮縣,秀林鄉,臺地步道-南,Taiwan,24.157994,121.621373,管珮均,day,v
Ar13006,Theridiidae,Famakytta,flavescens,m,1,2025,10,30,花蓮縣,秀林鄉,臺地步道-南,Taiwan,24.157994,121.621373,管珮均,day,v
Ar13007,Thomisidae,Mastira,tegularis,m,1,2025,10,30,花蓮縣,秀林鄉,臺地步道-南,Taiwan,24.157994,121.621373,管珮均,day,v
Ar13008,Thomisidae,Mastira,tegularis,m,1,2025,10,30,花蓮縣,秀林鄉,臺地步道-南,Taiwan,24.157994,121.621373,管珮均,day,v
Ar13009,Theridiidae,Parasteatoda,kentingensis,f,1,2025,10,29,花蓮縣,秀林鄉,臺地步道,Taiwan,24.159407,121.621845,黃文俊,night,
Ar13010,Salticidae,Chalcovietnamicus,,m,1,2025,10,30,花蓮縣,秀林鄉,臺地步道,Taiwan,24.159407,121.621845,黃文俊,day,v
Ar13011,Salticidae,Myrmarachne,robusta,f,1,2025,10,30,花蓮縣,秀林鄉,臺地步道,Taiwan,24.159407,121.621845,黃文俊,day,v
Ar13012,Salticidae,Myrmarachne,robusta,f,1,2025,10,30,花蓮縣,秀林鄉,臺地步道,Taiwan,24.159407,121.621845,黃文俊,day,v
Ar13013,Salticidae,Rhene,atrata,f,1,2025,10,30,花蓮縣,秀林鄉,臺地步道,Taiwan,24.159407,121.621845,黃文俊,day,v
Ar13014,Salticidae,Chinophrys,,f,1,2025,10,30,花蓮縣,秀林鄉,臺地步道,Taiwan,24.159407,121.621845,黃文俊,day,v
Ar13015,Thomisidae,Tmarus,taiwanus,f,1,2025,11,13,花蓮縣,秀林鄉,臺地步道,Taiwan,24.159407,121.621845,陳顧淋,day,v
Ar13016,Tetragnathidae,Tetragnatha,ceylonica,f,1,2025,11,13,花蓮縣,秀林鄉,臺地步道,Taiwan,24.159407,121.621845,陳顧淋,day,v
Ar13017,Salticidae,Carrhotus,sannio,m,1,2025,11,18,花蓮縣,秀林鄉,臺地步道,Taiwan,24.159407,121.621845,黃文俊,day,v
Ar13018,Salticidae,Anarrhotus,fossulatus,m,1,2025,11,18,花蓮縣,秀林鄉,臺地步道,Taiwan,24.159407,121.621845,黃文俊,day,v
Ar13019,Salticidae,Carrhotus,sannio,f,1,2025,11,18,花蓮縣,秀林鄉,臺地步道,Taiwan,24.159407,121.621845,黃文俊,day,v
Ar13020,Pholcidae,Uthina,luzonica,m,1,2025,11,19,花蓮縣,秀林鄉,太魯閣遊客中心,Taiwan,24.157934,121.62324,黃文俊,day,v
Ar13021,Oecobiidae,Oecobius,concinnus,f,1,2025,11,19,花蓮縣,秀林鄉,太魯閣遊客中心,Taiwan,24.157934,121.62324,黃文俊,day,v
Ar13022,Oecobiidae,Oecobius,concinnus,f,1,2025,11,19,花蓮縣,秀林鄉,太魯閣遊客中心,Taiwan,24.157934,121.62324,黃文俊,day,v
Ar13023,Oecobiidae,Oecobius,concinnus,f,1,2025,11,19,花蓮縣,秀林鄉,太魯閣遊客中心,Taiwan,24.157934,121.62324,黃文俊,day,v
Ar13024,Pholcidae,Uthina,luzonica,f,1,2025,11,18,花蓮縣,秀林鄉,臺地步道-南,Taiwan,24.157994,121.621373,黃文俊,night,v
Ar13025,Araneidae,Eriovixia,excelsa,f,1,2025,11,18,花蓮縣,秀林鄉,臺地步道-南,Taiwan,24.157994,121.621373,黃文俊,night,
Ar13026,Selenopidae,Siamspinops,formosensis,m,1,2025,11,18,花蓮縣,秀林鄉,臺地步道-南,Taiwan,24.157994,121.621373,黃文俊,night,v
Ar13027,Theridiidae,Famakytta,flavescens,m,1,2025,11,18,花蓮縣,秀林鄉,臺地步道-南,Taiwan,24.157994,121.621373,黃文俊,night,v
Ar13028,Theridiidae,Parasteatoda,,m,1,2025,11,18,花蓮縣,秀林鄉,臺地步道-南,Taiwan,24.157994,121.621373,黃文俊,night,
Ar13029,Tetragnathidae,Mesida,cf. gemmea,f,1,2025,11,18,花蓮縣,秀林鄉,臺地步道-南,Taiwan,24.157994,121.621373,黃文俊,night,v
Ar13030,Clubionidae,Bucliona,jucunda,f,1,2025,11,18,花蓮縣,秀林鄉,臺地步道-南,Taiwan,24.157994,121.621373,黃文俊,night,v
Ar13031,Theridiidae,Theridion,,f,1,2025,11,18,花蓮縣,秀林鄉,臺地步道-南,Taiwan,24.157994,121.621373,黃文俊,night,v
Ar13032,Phrurolithidae,Grandilithus,lynx,f,1,2025,11,18,花蓮縣,秀林鄉,臺地步道-南,Taiwan,24.157994,121.621373,黃文俊,night,
Ar13033,Theridiidae,Anelosimus,taiwanicus,m,1,2025,11,18,花蓮縣,秀林鄉,臺地步道-南,Taiwan,24.157994,121.621373,黃文俊,night,v
Ar13034,Theridiidae,Anelosimus,chonganicus,m,1,2025,11,18,花蓮縣,秀林鄉,臺地步道-南,Taiwan,24.157994,121.621373,黃文俊,night,
Ar13035,Theridiidae,Platnickina,maculata,m,1,2025,11,18,花蓮縣,秀林鄉,臺地步道-南,Taiwan,24.157994,121.621373,黃文俊,night,v
Ar13036,Theridiidae,Platnickina,maculata,m,1,2025,11,18,花蓮縣,秀林鄉,臺地步道-南,Taiwan,24.157994,121.621373,黃文俊,night,v
Ar13037,Clubionidae,Bucliona,jucunda,m,1,2025,11,19,花蓮縣,秀林鄉,臺地步道,Taiwan,24.159407,121.621845,黃文俊,day,
Ar13038,Tetragnathidae,Leucauge,tessellata,m,1,2025,11,19,花蓮縣,秀林鄉,臺地步道,Taiwan,24.159407,121.621845,黃文俊,day,v
Ar13039,Salticidae,Carrhotus,sannio,m,1,2025,11,19,花蓮縣,秀林鄉,臺地步道,Taiwan,24.159407,121.621845,黃文俊,day,v
Ar13040,Salticidae,Chalcovietnamicus,,m,1,2025,11,19,花蓮縣,秀林鄉,臺地步道,Taiwan,24.159407,121.621845,黃文俊,day,v
Ar13041,Salticidae,Chalcovietnamicus,,m,1,2025,11,19,花蓮縣,秀林鄉,臺地步道,Taiwan,24.159407,121.621845,黃文俊,day,v
Ar13042,Salticidae,Carrhotus,sannio,m,1,2025,11,18,花蓮縣,秀林鄉,臺地步道,Taiwan,24.159407,121.621845,陳顧淋,day,v
Ar13043,Araneidae,Cyclosa,omonaga,f,1,2025,11,18,花蓮縣,秀林鄉,臺地步道,Taiwan,24.159407,121.621845,陳顧淋,day,v
Ar13044,Theridiidae,,,m,1,2025,11,18,花蓮縣,秀林鄉,臺地步道,Taiwan,24.159407,121.621845,管珮均,night,v
Ar13045,Pholcidae,Uthina,luzonica,f,1,2025,11,18,花蓮縣,秀林鄉,臺地步道-南,Taiwan,24.157994,121.621373,管珮均,night,v
Ar13046,Pholcidae,Uthina,luzonica,m,1,2025,11,18,花蓮縣,秀林鄉,臺地步道-南,Taiwan,24.157994,121.621373,林佩樺,night,v
Ar13047,Thomisidae,Mastira,tegularis,f,1,2025,11,18,花蓮縣,秀林鄉,臺地步道-南,Taiwan,24.157994,121.621373,林佩樺,night,v
Ar13048,Tetragnathidae,Dolichognatha,,j,1,2025,11,18,花蓮縣,秀林鄉,臺地步道-南,Taiwan,24.157994,121.621373,林佩樺,night,v
Ar13049,Thomisidae,Mastira,tegularis,m,1,2025,11,19,花蓮縣,秀林鄉,太魯閣遊客中心,Taiwan,24.157934,121.62324,管珮均,day,v
Ar13050,Gnaphosidae,Hitobia,,j,1,2025,11,19,花蓮縣,秀林鄉,太魯閣遊客中心,Taiwan,24.157934,121.62324,管珮均,day,v
Ar13051,Theridiidae,Parasteatoda,kentingensis,m,1,2025,11,19,花蓮縣,秀林鄉,臺地步道,Taiwan,24.159407,121.621845,林佩樺,night,v
Ar13052,Tetragnathidae,Mesida,,jf,1,2025,11,19,花蓮縣,秀林鄉,臺地步道,Taiwan,24.159407,121.621845,林佩樺,night,
Ar13053,Thomisidae,Tmarus,taiwanus,m,1,2025,11,20,花蓮縣,秀林鄉,太魯閣遊客中心,Taiwan,24.157934,121.62324,管珮均,day,v
Ar13054,Theridiidae,Famakytta,flavescens,m,1,2025,11,20,花蓮縣,秀林鄉,太魯閣遊客中心,Taiwan,24.157934,121.62324,管珮均,day,v
Ar13055,Theridiidae,Famakytta,flavescens,f,1,2025,11,20,花蓮縣,秀林鄉,太魯閣遊客中心,Taiwan,24.157934,121.62324,管珮均,day,v
Ar13056,Oxyopidae,Oxyopes,hasta,f,1,2025,11,20,花蓮縣,秀林鄉,太魯閣遊客中心,Taiwan,24.157934,121.62324,管珮均,day,
Ar13057,Oxyopidae,Oxyopes,hasta,m,1,2025,11,20,花蓮縣,秀林鄉,太魯閣遊客中心,Taiwan,24.157934,121.62324,林佩樺,day,
Ar13058,Thomisidae,Mastira,tegularis,m,1,2025,11,20,花蓮縣,秀林鄉,太魯閣遊客中心,Taiwan,24.157934,121.62324,林佩樺,day,v
Ar13059,Theridiidae,Parasteatoda,kentingensis,m,1,2025,11,20,花蓮縣,秀林鄉,太魯閣遊客中心,Taiwan,24.157934,121.62324,林佩樺,day,v
Ar13060,Theridiidae,Platnickina,maculata,m,1,2025,11,20,花蓮縣,秀林鄉,太魯閣遊客中心,Taiwan,24.157934,121.62324,林佩樺,day,
Ar13061,Oxyopidae,Oxyopes,hasta,m,1,2025,11,19,花蓮縣,秀林鄉,臺地步道,Taiwan,24.159407,121.621845,管珮均,night,
Ar13062,Salticidae,Carrhotus,sannio,f,1,2025,11,19,花蓮縣,秀林鄉,臺地步道,Taiwan,24.159407,121.621845,管珮均,night,v
Ar13063,Tetragnathidae,Mesida,cf. gemmea,m,1,2025,11,19,花蓮縣,秀林鄉,臺地步道,Taiwan,24.159407,121.621845,管珮均,night,
Ar13064,Theridiidae,Anelosimus,chonganicus,f,1,2025,11,19,花蓮縣,秀林鄉,臺地步道,Taiwan,24.159407,121.621845,管珮均,night,
Ar13065,Theridiidae,Anelosimus,taiwanicus,m,1,2025,11,19,花蓮縣,秀林鄉,臺地步道,Taiwan,24.159407,121.621845,管珮均,night,v
Ar13066,Linyphiidae,Neriene,,m,1,2025,11,19,花蓮縣,秀林鄉,臺地步道,Taiwan,24.159407,121.621845,管珮均,night,v
Ar13067,Uloboridae,Uloborus,formosanus,m,1,2025,11,19,花蓮縣,秀林鄉,臺地步道,Taiwan,24.159407,121.621845,管珮均,night,v
Ar13068,Araneidae,Cyclosa,omonaga,m,1,2025,11,19,花蓮縣,秀林鄉,臺地步道,Taiwan,24.159407,121.621845,管珮均,night,v
Ar13069,Pholcidae,Leptopholcus,huongson,jm,1,2025,11,19,花蓮縣,秀林鄉,臺地步道,Taiwan,24.159407,121.621845,管珮均,night,v
Ar13070,Thomisidae,Mastira,tegularis,m,1,2025,11,19,花蓮縣,秀林鄉,太魯閣遊客中心,Taiwan,24.157934,121.62324,林佩樺,day,v
Ar13071,Tetragnathidae,Mesida,cf. gemmea,m,1,2025,11,19,花蓮縣,秀林鄉,太魯閣遊客中心,Taiwan,24.157934,121.62324,林佩樺,day,
Ar13072,Tetragnathidae,Leucauge,blanda,m,2,2025,11,19,花蓮縣,秀林鄉,太魯閣遊客中心,Taiwan,24.157934,121.62324,林佩樺,day,
Ar13073,Theridiidae,Anelosimus,chonganicus,m,1,2025,11,19,花蓮縣,秀林鄉,太魯閣遊客中心,Taiwan,24.157934,121.62324,林佩樺,day,
Ar13074,Oxyopidae,Oxyopes,hasta,m,1,2025,11,19,花蓮縣,秀林鄉,太魯閣遊客中心,Taiwan,24.157934,121.62324,林佩樺,day,
Ar13075,Theridiidae,Anelosimus,chonganicus,f,1,2025,11,19,花蓮縣,秀林鄉,臺地步道,Taiwan,24.159407,121.621845,管珮均,night,
Ar13076,Linyphiidae,,,m,1,2025,11,19,花蓮縣,秀林鄉,太魯閣遊客中心,Taiwan,24.157934,121.62324,林佩樺,day,
Ar13077,Thomisidae,Thomisus,labefactus,f,1,2025,10,7,花蓮縣,秀林鄉,臺地步道,Taiwan,24.159407,121.621845,陳顧淋,day,v
Ar13078,Salticidae,Epocilla,,f,1,2025,10,7,花蓮縣,秀林鄉,臺地步道,Taiwan,24.159407,121.621845,陳顧淋,day,v
Ar13079,Salticidae,Chalcovietnamicus,,j,1,2025,10,8,花蓮縣,秀林鄉,臺地步道,Taiwan,24.159407,121.621845,陳顧淋,day,
Ar13080,Thomisidae,Ozyptila,,j,1,2025,10,8,花蓮縣,秀林鄉,臺地步道,Taiwan,24.159407,121.621845,陳顧淋,day,v
Ar13081,Thomisidae,Thomisus,labefactus,f,1,2025,10,8,花蓮縣,秀林鄉,臺地步道,Taiwan,24.159407,121.621845,陳顧淋,day,v
Ar13082,Salticidae,Carrhotus,sannio,m,1,2025,10,8,花蓮縣,秀林鄉,臺地步道,Taiwan,24.159407,121.621845,陳顧淋,day,
HWCAr-00688,Salticidae,Gedea,,m,1,2025,10,2,花蓮縣,秀林鄉,臺地步道,Taiwan,24.159407,121.621845,黃文俊,day,v
HWCAr-00689,Salticidae,Rhene,,m,1,2025,10,2,花蓮縣,秀林鄉,臺地步道,Taiwan,24.159407,121.621845,黃文俊,day,v
JUV-1301,Thomisidae,Angaeus,rhombifer,jf,1,2025,9,30,花蓮縣,秀林鄉,臺地步道,Taiwan,24.159407,121.621845,,night,
JUV-1301,Tetragnathidae,Tetragnatha,,j,1,2025,9,30,花蓮縣,秀林鄉,臺地步道,Taiwan,24.159407,121.621845,,night,
JUV-1302,Araneidae,Eriovixia,excelsa,jm,1,2025,10,2,花蓮縣,秀林鄉,臺地步道,Taiwan,24.159407,121.621845,,day,
JUV-1303,Theridiidae,Anelosimus,,jf,1,2025,10,1,花蓮縣,秀林鄉,臺地步道,Taiwan,24.159407,121.621845,,night,
JUV-1304,Thomisidae,Alcimochthes,,j,1,2025,11,20,花蓮縣,秀林鄉,太魯閣遊客中心,Taiwan,24.157934,121.62324,管珮均,day,
JUV-1304,Thomisidae,Alcimochthes,,j,1,2025,11,20,花蓮縣,秀林鄉,太魯閣遊客中心,Taiwan,24.157934,121.62324,管珮均,day,
JUV-1304,Thomisidae,Tmarus,,jf,1,2025,11,20,花蓮縣,秀林鄉,太魯閣遊客中心,Taiwan,24.157934,121.62324,管珮均,day,
JUV-1305,Tetragnathidae,Tetragnatha,,j,1,2025,11,20,花蓮縣,秀林鄉,太魯閣遊客中心,Taiwan,24.157934,121.62324,管珮均,day,
JUV-1306,Lycosidae,Pardosa,,j,1,2025,11,20,花蓮縣,秀林鄉,太魯閣遊客中心,Taiwan,24.157934,121.62324,管珮均,day,
JUV-1307,Salticidae,Carrhotus,,jf,1,2025,11,19,花蓮縣,秀林鄉,太魯閣遊客中心,Taiwan,24.157934,121.62324,林佩樺,day,
JUV-1308,Araneidae,Cyrtophora,exanthematica,j,1,2025,11,19,花蓮縣,秀林鄉,臺地步道,Taiwan,24.159407,121.621845,管珮均,night,
JUV-1309,Thomisidae,Tmarus,,j,1,2025,11,20,花蓮縣,秀林鄉,太魯閣遊客中心,Taiwan,24.157934,121.62324,林佩樺,day,
JUV-1309,Thomisidae,Tmarus,,j,1,2025,11,20,花蓮縣,秀林鄉,太魯閣遊客中心,Taiwan,24.157934,121.62324,林佩樺,day,
JUV-1310,Theridiidae,Anelosimus,,j,1,2025,11,20,花蓮縣,秀林鄉,太魯閣遊客中心,Taiwan,24.157934,121.62324,林佩樺,day,
JUV-1311,Lycosidae,Pardosa,,j,1,2025,11,19,花蓮縣,秀林鄉,臺地步道,Taiwan,24.159407,121.621845,林佩樺,night,
JUV-1312,Lycosidae,Pardosa,,j,1,2025,11,19,花蓮縣,秀林鄉,臺地步道,Taiwan,24.159407,121.621845,林佩樺,night,
JUV-1313,Tetragnathidae,Tetragnatha,,j,1,2025,11,19,花蓮縣,秀林鄉,臺地步道,Taiwan,24.159407,121.621845,林佩樺,night,
JUV-1314,Thomisidae,Tmarus,,j,1,2025,11,19,花蓮縣,秀林鄉,太魯閣遊客中心,Taiwan,24.157934,121.62324,管珮均,day,
JUV-1314,Thomisidae,Tmarus,,j,1,2025,11,19,花蓮縣,秀林鄉,太魯閣遊客中心,Taiwan,24.157934,121.62324,管珮均,day,
JUV-1315,Salticidae,Carrhotus,,j,1,2025,11,19,花蓮縣,秀林鄉,太魯閣遊客中心,Taiwan,24.157934,121.62324,管珮均,day,
JUV-1316,Tetragnathidae,Tetragnatha,,j,1,2025,11,19,花蓮縣,秀林鄉,太魯閣遊客中心,Taiwan,24.157934,121.62324,管珮均,day,
JUV-1317,Lycosidae,Pardosa,,j,1,2025,11,18,花蓮縣,秀林鄉,臺地步道-南,Taiwan,24.157994,121.621373,管珮均,night,
JUV-1318,Linyphiidae,Neriene,,j,1,2025,11,18,花蓮縣,秀林鄉,臺地步道,Taiwan,24.159407,121.621845,管珮均,night,
JUV-1319,Tetragnathidae,,,j,1,2025,11,18,花蓮縣,秀林鄉,臺地步道,Taiwan,24.159407,121.621845,管珮均,night,
JUV-1320,Theridiidae,Platnickina,,j,1,2025,11,18,花蓮縣,秀林鄉,臺地步道-南,Taiwan,24.157994,121.621373,林佩樺,night,
JUV-1321,Salticidae,Bianor,,j,1,2025,10,30,花蓮縣,秀林鄉,臺地步道-南,Taiwan,24.157994,121.621373,林佩樺,day,
JUV-1322,Salticidae,,,j,1,2025,10,30,花蓮縣,秀林鄉,臺地步道-南,Taiwan,24.157994,121.621373,林佩樺,day,
JUV-1323,Thomisidae,Tmarus,,j,1,2025,10,30,花蓮縣,秀林鄉,臺地步道-南,Taiwan,24.157994,121.621373,林佩樺,day,
JUV-1324,Araneidae,,,j,1,2025,10,30,花蓮縣,秀林鄉,臺地步道-南,Taiwan,24.157994,121.621373,林佩樺,day,
JUV-1324,Araneidae,,,j,1,2025,10,30,花蓮縣,秀林鄉,臺地步道-南,Taiwan,24.157994,121.621373,林佩樺,day,
JUV-1324,Araneidae,Cyrtophora,,j,1,2025,10,30,花蓮縣,秀林鄉,臺地步道-南,Taiwan,24.157994,121.621373,林佩樺,day,
JUV-1324,Araneidae,Gasteracantha,,j,1,2025,10,30,花蓮縣,秀林鄉,臺地步道-南,Taiwan,24.157994,121.621373,林佩樺,day,
JUV-1324,Araneidae,,,j,1,2025,10,30,花蓮縣,秀林鄉,臺地步道-南,Taiwan,24.157994,121.621373,林佩樺,day,
JUV-1325,Tetragnathidae,Leucauge,,jm,1,2025,11,18,花蓮縣,秀林鄉,臺地步道,Taiwan,24.159407,121.621845,管珮均,night,
JUV-1325,Linyphiidae,Neriene,,jm,1,2025,11,18,花蓮縣,秀林鄉,臺地步道,Taiwan,24.159407,121.621845,管珮均,night,
JUV-1326,Lycosidae,Pardosa,laura,j,1,2025,11,18,花蓮縣,秀林鄉,臺地步道-南,Taiwan,24.157994,121.621373,管珮均,night,
JUV-1327,Thomisidae,Tmarus,,jm,1,2025,11,19,花蓮縣,秀林鄉,太魯閣遊客中心,Taiwan,24.157934,121.62324,管珮均,day,
JUV-1327,Thomisidae,Tmarus,,j,1,2025,11,19,花蓮縣,秀林鄉,太魯閣遊客中心,Taiwan,24.157934,121.62324,管珮均,day,
JUV-1327,Theridiidae,,,j,1,2025,11,19,花蓮縣,秀林鄉,太魯閣遊客中心,Taiwan,24.157934,121.62324,管珮均,day,
JUV-1328,Nephilidae,Nephila,pilipes,jm,1,2025,11,19,花蓮縣,秀林鄉,臺地步道,Taiwan,24.159407,121.621845,林佩樺,night,
JUV-1329,Oxyopidae,Oxyopes,hasta,jf,1,2025,11,20,花蓮縣,秀林鄉,太魯閣遊客中心,Taiwan,24.157934,121.62324,林佩樺,day,
JUV-1330,Tetragnathidae,Mesida,,jm,1,2025,11,19,花蓮縣,秀林鄉,臺地步道,Taiwan,24.159407,121.621845,管珮均,night,
JUV-1330,Tetragnathidae,Leucauge,,jm,1,2025,11,19,花蓮縣,秀林鄉,臺地步道,Taiwan,24.159407,121.621845,管珮均,night,
JUV-1330,Araneidae,Cyclosa,,jm,1,2025,11,19,花蓮縣,秀林鄉,臺地步道,Taiwan,24.159407,121.621845,管珮均,night,
JUV-1330,Araneidae,cyrtophora,exanthematica,jm,1,2025,11,19,花蓮縣,秀林鄉,臺地步道,Taiwan,24.159407,121.621845,管珮均,night,
JUV-1330,Uloboridae,,,jm,1,2025,11,19,花蓮縣,秀林鄉,臺地步道,Taiwan,24.159407,121.621845,管珮均,night,
JUV-1330,Theridiidae,Parasteatoda,,jm,1,2025,11,19,花蓮縣,秀林鄉,臺地步道,Taiwan,24.159407,121.621845,管珮均,night,
JUV-1331,Thomisidae,Tmarus,,j,1,2025,10,30,花蓮縣,秀林鄉,臺地步道-南,Taiwan,24.157994,121.621373,林佩樺,day,
JUV-1332,Sparassidae,,,j,1,2025,10,11,花蓮縣,秀林鄉,臺地步道,Taiwan,24.159407,121.621845,陳顧淋,day,
